{
  "Total" : {
    "transaction" : "Total",
    "sampleCount" : 616408,
    "errorCount" : 616408,
    "errorPct" : 100.0,
    "meanResTime" : 211.06541446574263,
    "medianResTime" : 110.0,
    "minResTime" : 0.0,
    "maxResTime" : 21517.0,
    "pct1ResTime" : 137.0,
    "pct2ResTime" : 143.0,
    "pct3ResTime" : 6155.990000000002,
    "throughput" : 2052.729555392008,
    "receivedKBytesPerSec" : 5124.551083760079,
    "sentKBytesPerSec" : 30.495477685722328
  },
  "HTTP Request" : {
    "transaction" : "HTTP Request",
    "sampleCount" : 616408,
    "errorCount" : 616408,
    "errorPct" : 100.0,
    "meanResTime" : 211.06541446574263,
    "medianResTime" : 110.0,
    "minResTime" : 0.0,
    "maxResTime" : 21517.0,
    "pct1ResTime" : 137.0,
    "pct2ResTime" : 143.0,
    "pct3ResTime" : 6155.990000000002,
    "throughput" : 2052.729555392008,
    "receivedKBytesPerSec" : 5124.551083760079,
    "sentKBytesPerSec" : 30.495477685722328
  }
}