{
  "Total" : {
    "transaction" : "Total",
    "sampleCount" : 211066,
    "errorCount" : 149902,
    "errorPct" : 71.021385,
    "meanResTime" : 105.39473434849731,
    "medianResTime" : 155.0,
    "minResTime" : 0.0,
    "maxResTime" : 1306.0,
    "pct1ResTime" : 273.0,
    "pct2ResTime" : 314.0,
    "pct3ResTime" : 377.0,
    "throughput" : 529.4492439521186,
    "receivedKBytesPerSec" : 931.9566386966264,
    "sentKBytesPerSec" : 64.84206267308329
  },
  "HTTP Request" : {
    "transaction" : "HTTP Request",
    "sampleCount" : 211066,
    "errorCount" : 149902,
    "errorPct" : 71.021385,
    "meanResTime" : 105.39473434849731,
    "medianResTime" : 155.0,
    "minResTime" : 0.0,
    "maxResTime" : 1306.0,
    "pct1ResTime" : 273.0,
    "pct2ResTime" : 314.0,
    "pct3ResTime" : 377.0,
    "throughput" : 529.4492439521186,
    "receivedKBytesPerSec" : 931.9566386966264,
    "sentKBytesPerSec" : 64.84206267308329
  }
}