{
  "Total" : {
    "transaction" : "Total",
    "sampleCount" : 72238,
    "errorCount" : 72233,
    "errorPct" : 99.99308,
    "meanResTime" : 89.4467039508288,
    "medianResTime" : 17.0,
    "minResTime" : 1.0,
    "maxResTime" : 800.0,
    "pct1ResTime" : 20.0,
    "pct2ResTime" : 21.0,
    "pct3ResTime" : 30.0,
    "throughput" : 780.8416114492018,
    "receivedKBytesPerSec" : 1438.5027729211029,
    "sentKBytesPerSec" : 50.81201003507615
  },
  "HTTP Request" : {
    "transaction" : "HTTP Request",
    "sampleCount" : 72238,
    "errorCount" : 72233,
    "errorPct" : 99.99308,
    "meanResTime" : 89.4467039508288,
    "medianResTime" : 17.0,
    "minResTime" : 1.0,
    "maxResTime" : 800.0,
    "pct1ResTime" : 20.0,
    "pct2ResTime" : 21.0,
    "pct3ResTime" : 30.0,
    "throughput" : 780.8416114492018,
    "receivedKBytesPerSec" : 1438.5027729211029,
    "sentKBytesPerSec" : 50.81201003507615
  }
}