{
  "Total" : {
    "transaction" : "Total",
    "sampleCount" : 50,
    "errorCount" : 0,
    "errorPct" : 0.0,
    "meanResTime" : 8.239999999999998,
    "medianResTime" : 8.0,
    "minResTime" : 6.0,
    "maxResTime" : 43.0,
    "pct1ResTime" : 9.0,
    "pct2ResTime" : 10.0,
    "pct3ResTime" : 43.0,
    "throughput" : 5.186721991701245,
    "receivedKBytesPerSec" : 1.519547458506224,
    "sentKBytesPerSec" : 1.689939380186722
  },
  "HTTP Request" : {
    "transaction" : "HTTP Request",
    "sampleCount" : 50,
    "errorCount" : 0,
    "errorPct" : 0.0,
    "meanResTime" : 8.239999999999998,
    "medianResTime" : 8.0,
    "minResTime" : 6.0,
    "maxResTime" : 43.0,
    "pct1ResTime" : 9.0,
    "pct2ResTime" : 10.0,
    "pct3ResTime" : 43.0,
    "throughput" : 5.186721991701245,
    "receivedKBytesPerSec" : 1.519547458506224,
    "sentKBytesPerSec" : 1.689939380186722
  }
}