{
  "Total" : {
    "transaction" : "Total",
    "sampleCount" : 100,
    "errorCount" : 0,
    "errorPct" : 0.0,
    "meanResTime" : 2434.2800000000007,
    "medianResTime" : 2374.5,
    "minResTime" : 1161.0,
    "maxResTime" : 3616.0,
    "pct1ResTime" : 3580.6000000000013,
    "pct2ResTime" : 3608.95,
    "pct3ResTime" : 3615.98,
    "throughput" : 10.658708164570454,
    "receivedKBytesPerSec" : 5.993441563632488,
    "sentKBytesPerSec" : 3.099768839266681
  },
  "HTTP Request" : {
    "transaction" : "HTTP Request",
    "sampleCount" : 100,
    "errorCount" : 0,
    "errorPct" : 0.0,
    "meanResTime" : 2434.2800000000007,
    "medianResTime" : 2374.5,
    "minResTime" : 1161.0,
    "maxResTime" : 3616.0,
    "pct1ResTime" : 3580.6000000000013,
    "pct2ResTime" : 3608.95,
    "pct3ResTime" : 3615.98,
    "throughput" : 10.658708164570454,
    "receivedKBytesPerSec" : 5.993441563632488,
    "sentKBytesPerSec" : 3.099768839266681
  }
}