{
  "Total" : {
    "transaction" : "Total",
    "sampleCount" : 500,
    "errorCount" : 0,
    "errorPct" : 0.0,
    "meanResTime" : 13.950000000000001,
    "medianResTime" : 13.0,
    "minResTime" : 10.0,
    "maxResTime" : 284.0,
    "pct1ResTime" : 14.0,
    "pct2ResTime" : 15.0,
    "pct3ResTime" : 18.0,
    "throughput" : 8.407176365745801,
    "receivedKBytesPerSec" : 76.04882152405294,
    "sentKBytesPerSec" : 2.840706076707077
  },
  "HTTP Request" : {
    "transaction" : "HTTP Request",
    "sampleCount" : 500,
    "errorCount" : 0,
    "errorPct" : 0.0,
    "meanResTime" : 13.950000000000001,
    "medianResTime" : 13.0,
    "minResTime" : 10.0,
    "maxResTime" : 284.0,
    "pct1ResTime" : 14.0,
    "pct2ResTime" : 15.0,
    "pct3ResTime" : 18.0,
    "throughput" : 8.407176365745801,
    "receivedKBytesPerSec" : 76.04882152405294,
    "sentKBytesPerSec" : 2.840706076707077
  }
}