{
  "Total" : {
    "transaction" : "Total",
    "sampleCount" : 500,
    "errorCount" : 0,
    "errorPct" : 0.0,
    "meanResTime" : 10.967999999999984,
    "medianResTime" : 8.0,
    "minResTime" : 6.0,
    "maxResTime" : 208.0,
    "pct1ResTime" : 15.900000000000034,
    "pct2ResTime" : 17.0,
    "pct3ResTime" : 191.1100000000008,
    "throughput" : 55.567903978661924,
    "receivedKBytesPerSec" : 28.326607301622584,
    "sentKBytesPerSec" : 23.918401137752834
  },
  "HTTP Request" : {
    "transaction" : "HTTP Request",
    "sampleCount" : 500,
    "errorCount" : 0,
    "errorPct" : 0.0,
    "meanResTime" : 10.967999999999984,
    "medianResTime" : 8.0,
    "minResTime" : 6.0,
    "maxResTime" : 208.0,
    "pct1ResTime" : 15.900000000000034,
    "pct2ResTime" : 17.0,
    "pct3ResTime" : 191.1100000000008,
    "throughput" : 55.567903978661924,
    "receivedKBytesPerSec" : 28.326607301622584,
    "sentKBytesPerSec" : 23.918401137752834
  }
}