{
  "Total" : {
    "transaction" : "Total",
    "sampleCount" : 87052,
    "errorCount" : 58856,
    "errorPct" : 67.61016,
    "meanResTime" : 76.82126774801218,
    "medianResTime" : 93.0,
    "minResTime" : 1.0,
    "maxResTime" : 227.0,
    "pct1ResTime" : 122.0,
    "pct2ResTime" : 134.0,
    "pct3ResTime" : 177.0,
    "throughput" : 580.5092092452553,
    "receivedKBytesPerSec" : 987.2013642986703,
    "sentKBytesPerSec" : 80.38044923411888
  },
  "HTTP Request" : {
    "transaction" : "HTTP Request",
    "sampleCount" : 87052,
    "errorCount" : 58856,
    "errorPct" : 67.61016,
    "meanResTime" : 76.82126774801218,
    "medianResTime" : 93.0,
    "minResTime" : 1.0,
    "maxResTime" : 227.0,
    "pct1ResTime" : 122.0,
    "pct2ResTime" : 134.0,
    "pct3ResTime" : 177.0,
    "throughput" : 580.5092092452553,
    "receivedKBytesPerSec" : 987.2013642986703,
    "sentKBytesPerSec" : 80.38044923411888
  }
}