{
  "Total" : {
    "transaction" : "Total",
    "sampleCount" : 600,
    "errorCount" : 0,
    "errorPct" : 0.0,
    "meanResTime" : 6.666666666666664,
    "medianResTime" : 6.0,
    "minResTime" : 4.0,
    "maxResTime" : 142.0,
    "pct1ResTime" : 8.0,
    "pct2ResTime" : 8.0,
    "pct3ResTime" : 11.0,
    "throughput" : 62.46096189881324,
    "receivedKBytesPerSec" : 39.1600952529669,
    "sentKBytesPerSec" : 21.264175710493443
  },
  "HTTP Request" : {
    "transaction" : "HTTP Request",
    "sampleCount" : 600,
    "errorCount" : 0,
    "errorPct" : 0.0,
    "meanResTime" : 6.666666666666664,
    "medianResTime" : 6.0,
    "minResTime" : 4.0,
    "maxResTime" : 142.0,
    "pct1ResTime" : 8.0,
    "pct2ResTime" : 8.0,
    "pct3ResTime" : 11.0,
    "throughput" : 62.46096189881324,
    "receivedKBytesPerSec" : 39.1600952529669,
    "sentKBytesPerSec" : 21.264175710493443
  }
}