{
  "Total" : {
    "transaction" : "Total",
    "sampleCount" : 100,
    "errorCount" : 0,
    "errorPct" : 0.0,
    "meanResTime" : 15.88000000000001,
    "medianResTime" : 13.0,
    "minResTime" : 10.0,
    "maxResTime" : 166.0,
    "pct1ResTime" : 15.0,
    "pct2ResTime" : 17.0,
    "pct3ResTime" : 165.72999999999985,
    "throughput" : 6.819886789879288,
    "receivedKBytesPerSec" : 61.690671247357294,
    "sentKBytesPerSec" : 2.3243559469412807
  },
  "HTTP Request" : {
    "transaction" : "HTTP Request",
    "sampleCount" : 100,
    "errorCount" : 0,
    "errorPct" : 0.0,
    "meanResTime" : 15.88000000000001,
    "medianResTime" : 13.0,
    "minResTime" : 10.0,
    "maxResTime" : 166.0,
    "pct1ResTime" : 15.0,
    "pct2ResTime" : 17.0,
    "pct3ResTime" : 165.72999999999985,
    "throughput" : 6.819886789879288,
    "receivedKBytesPerSec" : 61.690671247357294,
    "sentKBytesPerSec" : 2.3243559469412807
  }
}