{
  "Total" : {
    "transaction" : "Total",
    "sampleCount" : 500,
    "errorCount" : 0,
    "errorPct" : 0.0,
    "meanResTime" : 71.85999999999996,
    "medianResTime" : 70.0,
    "minResTime" : 66.0,
    "maxResTime" : 247.0,
    "pct1ResTime" : 75.0,
    "pct2ResTime" : 79.0,
    "pct3ResTime" : 111.93000000000006,
    "throughput" : 4.183785321607578,
    "receivedKBytesPerSec" : 2.327908815967835,
    "sentKBytesPerSec" : 1.144003798877072
  },
  "HTTP Request" : {
    "transaction" : "HTTP Request",
    "sampleCount" : 500,
    "errorCount" : 0,
    "errorPct" : 0.0,
    "meanResTime" : 71.85999999999996,
    "medianResTime" : 70.0,
    "minResTime" : 66.0,
    "maxResTime" : 247.0,
    "pct1ResTime" : 75.0,
    "pct2ResTime" : 79.0,
    "pct3ResTime" : 111.93000000000006,
    "throughput" : 4.183785321607578,
    "receivedKBytesPerSec" : 2.327908815967835,
    "sentKBytesPerSec" : 1.144003798877072
  }
}