{
  "Total" : {
    "transaction" : "Total",
    "sampleCount" : 233693,
    "errorCount" : 210831,
    "errorPct" : 90.21708,
    "meanResTime" : 190.94035764870983,
    "medianResTime" : 8.0,
    "minResTime" : 0.0,
    "maxResTime" : 39111.0,
    "pct1ResTime" : 139.0,
    "pct2ResTime" : 610.0,
    "pct3ResTime" : 4061.9900000000016,
    "throughput" : 1080.851201598431,
    "receivedKBytesPerSec" : 2496.8316144860137,
    "sentKBytesPerSec" : 52.94963591145496
  },
  "HTTP Request" : {
    "transaction" : "HTTP Request",
    "sampleCount" : 233693,
    "errorCount" : 210831,
    "errorPct" : 90.21708,
    "meanResTime" : 190.94035764870983,
    "medianResTime" : 8.0,
    "minResTime" : 0.0,
    "maxResTime" : 39111.0,
    "pct1ResTime" : 139.0,
    "pct2ResTime" : 610.0,
    "pct3ResTime" : 4061.9900000000016,
    "throughput" : 1080.851201598431,
    "receivedKBytesPerSec" : 2496.8316144860137,
    "sentKBytesPerSec" : 52.94963591145496
  }
}