{
  "Total" : {
    "transaction" : "Total",
    "sampleCount" : 10,
    "errorCount" : 0,
    "errorPct" : 0.0,
    "meanResTime" : 22.6,
    "medianResTime" : 8.0,
    "minResTime" : 7.0,
    "maxResTime" : 150.0,
    "pct1ResTime" : 136.10000000000005,
    "pct2ResTime" : 150.0,
    "pct3ResTime" : 150.0,
    "throughput" : 1.125872551227201,
    "receivedKBytesPerSec" : 0.3298454739923441,
    "sentKBytesPerSec" : 0.36524888820085566
  },
  "HTTP Request" : {
    "transaction" : "HTTP Request",
    "sampleCount" : 10,
    "errorCount" : 0,
    "errorPct" : 0.0,
    "meanResTime" : 22.6,
    "medianResTime" : 8.0,
    "minResTime" : 7.0,
    "maxResTime" : 150.0,
    "pct1ResTime" : 136.10000000000005,
    "pct2ResTime" : 150.0,
    "pct3ResTime" : 150.0,
    "throughput" : 1.125872551227201,
    "receivedKBytesPerSec" : 0.3298454739923441,
    "sentKBytesPerSec" : 0.36524888820085566
  }
}