{
  "Total" : {
    "transaction" : "Total",
    "sampleCount" : 281214,
    "errorCount" : 257202,
    "errorPct" : 91.4613,
    "meanResTime" : 152.91033163355937,
    "medianResTime" : 44.0,
    "minResTime" : 0.0,
    "maxResTime" : 16278.0,
    "pct1ResTime" : 121.0,
    "pct2ResTime" : 479.0,
    "pct3ResTime" : 6278.990000000002,
    "throughput" : 1300.760435168739,
    "receivedKBytesPerSec" : 3054.573718579723,
    "sentKBytesPerSec" : 55.61532742741406
  },
  "HTTP Request" : {
    "transaction" : "HTTP Request",
    "sampleCount" : 281214,
    "errorCount" : 257202,
    "errorPct" : 91.4613,
    "meanResTime" : 152.91033163355937,
    "medianResTime" : 44.0,
    "minResTime" : 0.0,
    "maxResTime" : 16278.0,
    "pct1ResTime" : 121.0,
    "pct2ResTime" : 479.0,
    "pct3ResTime" : 6278.990000000002,
    "throughput" : 1300.760435168739,
    "receivedKBytesPerSec" : 3054.573718579723,
    "sentKBytesPerSec" : 55.61532742741406
  }
}