{
  "Total" : {
    "transaction" : "Total",
    "sampleCount" : 2000,
    "errorCount" : 0,
    "errorPct" : 0.0,
    "meanResTime" : 261.28999999999996,
    "medianResTime" : 196.0,
    "minResTime" : 18.0,
    "maxResTime" : 981.0,
    "pct1ResTime" : 534.0,
    "pct2ResTime" : 687.0,
    "pct3ResTime" : 898.9200000000001,
    "throughput" : 231.8034306907742,
    "receivedKBytesPerSec" : 205.171389661567,
    "sentKBytesPerSec" : 85.51509257649514
  },
  "HTTP Request" : {
    "transaction" : "HTTP Request",
    "sampleCount" : 2000,
    "errorCount" : 0,
    "errorPct" : 0.0,
    "meanResTime" : 261.28999999999996,
    "medianResTime" : 196.0,
    "minResTime" : 18.0,
    "maxResTime" : 981.0,
    "pct1ResTime" : 534.0,
    "pct2ResTime" : 687.0,
    "pct3ResTime" : 898.9200000000001,
    "throughput" : 231.8034306907742,
    "receivedKBytesPerSec" : 205.171389661567,
    "sentKBytesPerSec" : 85.51509257649514
  }
}