{
  "Total" : {
    "transaction" : "Total",
    "sampleCount" : 100,
    "errorCount" : 0,
    "errorPct" : 0.0,
    "meanResTime" : 14.739999999999998,
    "medianResTime" : 12.0,
    "minResTime" : 9.0,
    "maxResTime" : 169.0,
    "pct1ResTime" : 14.0,
    "pct2ResTime" : 16.0,
    "pct3ResTime" : 168.71999999999986,
    "throughput" : 6.8212824010914055,
    "receivedKBytesPerSec" : 61.703295532060025,
    "sentKBytesPerSec" : 2.3048473738062754
  },
  "HTTP Request" : {
    "transaction" : "HTTP Request",
    "sampleCount" : 100,
    "errorCount" : 0,
    "errorPct" : 0.0,
    "meanResTime" : 14.739999999999998,
    "medianResTime" : 12.0,
    "minResTime" : 9.0,
    "maxResTime" : 169.0,
    "pct1ResTime" : 14.0,
    "pct2ResTime" : 16.0,
    "pct3ResTime" : 168.71999999999986,
    "throughput" : 6.8212824010914055,
    "receivedKBytesPerSec" : 61.703295532060025,
    "sentKBytesPerSec" : 2.3048473738062754
  }
}