{
  "Total" : {
    "transaction" : "Total",
    "sampleCount" : 100,
    "errorCount" : 0,
    "errorPct" : 0.0,
    "meanResTime" : 10.12,
    "medianResTime" : 8.0,
    "minResTime" : 6.0,
    "maxResTime" : 131.0,
    "pct1ResTime" : 12.0,
    "pct2ResTime" : 16.94999999999999,
    "pct3ResTime" : 130.13999999999956,
    "throughput" : 10.325245224574083,
    "receivedKBytesPerSec" : 3.024974186886938,
    "sentKBytesPerSec" : 3.366090442694889
  },
  "HTTP Request" : {
    "transaction" : "HTTP Request",
    "sampleCount" : 100,
    "errorCount" : 0,
    "errorPct" : 0.0,
    "meanResTime" : 10.12,
    "medianResTime" : 8.0,
    "minResTime" : 6.0,
    "maxResTime" : 131.0,
    "pct1ResTime" : 12.0,
    "pct2ResTime" : 16.94999999999999,
    "pct3ResTime" : 130.13999999999956,
    "throughput" : 10.325245224574083,
    "receivedKBytesPerSec" : 3.024974186886938,
    "sentKBytesPerSec" : 3.366090442694889
  }
}