{
  "Total" : {
    "transaction" : "Total",
    "sampleCount" : 5038,
    "errorCount" : 1048,
    "errorPct" : 20.801905,
    "meanResTime" : 10624.476776498614,
    "medianResTime" : 11194.0,
    "minResTime" : 125.0,
    "maxResTime" : 26337.0,
    "pct1ResTime" : 17047.1,
    "pct2ResTime" : 18394.0,
    "pct3ResTime" : 22640.61,
    "throughput" : 16.08346289278862,
    "receivedKBytesPerSec" : 13.15960843647543,
    "sentKBytesPerSec" : 3.801800794955003
  },
  "HTTP Request" : {
    "transaction" : "HTTP Request",
    "sampleCount" : 5038,
    "errorCount" : 1048,
    "errorPct" : 20.801905,
    "meanResTime" : 10624.476776498614,
    "medianResTime" : 11194.0,
    "minResTime" : 125.0,
    "maxResTime" : 26337.0,
    "pct1ResTime" : 17047.1,
    "pct2ResTime" : 18394.0,
    "pct3ResTime" : 22640.61,
    "throughput" : 16.08346289278862,
    "receivedKBytesPerSec" : 13.15960843647543,
    "sentKBytesPerSec" : 3.801800794955003
  }
}