{
  "Total" : {
    "transaction" : "Total",
    "sampleCount" : 100,
    "errorCount" : 0,
    "errorPct" : 0.0,
    "meanResTime" : 5006.29,
    "medianResTime" : 4182.0,
    "minResTime" : 3828.0,
    "maxResTime" : 6809.0,
    "pct1ResTime" : 6741.9,
    "pct2ResTime" : 6783.6,
    "pct3ResTime" : 6808.97,
    "throughput" : 13.539128080151638,
    "receivedKBytesPerSec" : 7.520959204914703,
    "sentKBytesPerSec" : 3.7021053344164634
  },
  "HTTP Request" : {
    "transaction" : "HTTP Request",
    "sampleCount" : 100,
    "errorCount" : 0,
    "errorPct" : 0.0,
    "meanResTime" : 5006.29,
    "medianResTime" : 4182.0,
    "minResTime" : 3828.0,
    "maxResTime" : 6809.0,
    "pct1ResTime" : 6741.9,
    "pct2ResTime" : 6783.6,
    "pct3ResTime" : 6808.97,
    "throughput" : 13.539128080151638,
    "receivedKBytesPerSec" : 7.520959204914703,
    "sentKBytesPerSec" : 3.7021053344164634
  }
}