{
  "Total" : {
    "transaction" : "Total",
    "sampleCount" : 238913,
    "errorCount" : 191962,
    "errorPct" : 80.348076,
    "meanResTime" : 12.041479534391206,
    "medianResTime" : 13.0,
    "minResTime" : 0.0,
    "maxResTime" : 311.0,
    "pct1ResTime" : 33.0,
    "pct2ResTime" : 36.0,
    "pct3ResTime" : 46.0,
    "throughput" : 785.7558665373041,
    "receivedKBytesPerSec" : 1513.7955098584137,
    "sentKBytesPerSec" : 66.76699566587459
  },
  "HTTP Request" : {
    "transaction" : "HTTP Request",
    "sampleCount" : 238913,
    "errorCount" : 191962,
    "errorPct" : 80.348076,
    "meanResTime" : 12.041479534391206,
    "medianResTime" : 13.0,
    "minResTime" : 0.0,
    "maxResTime" : 311.0,
    "pct1ResTime" : 33.0,
    "pct2ResTime" : 36.0,
    "pct3ResTime" : 46.0,
    "throughput" : 785.7558665373041,
    "receivedKBytesPerSec" : 1513.7955098584137,
    "sentKBytesPerSec" : 66.76699566587459
  }
}