{
  "Total" : {
    "transaction" : "Total",
    "sampleCount" : 6900,
    "errorCount" : 0,
    "errorPct" : 0.0,
    "meanResTime" : 67.62681159420283,
    "medianResTime" : 71.0,
    "minResTime" : 36.0,
    "maxResTime" : 90.0,
    "pct1ResTime" : 77.0,
    "pct2ResTime" : 79.0,
    "pct3ResTime" : 82.0,
    "throughput" : 113.2056898164099,
    "receivedKBytesPerSec" : 234.6922374120195,
    "sentKBytesPerSec" : 39.109316551410146
  },
  "HTTP Request" : {
    "transaction" : "HTTP Request",
    "sampleCount" : 6900,
    "errorCount" : 0,
    "errorPct" : 0.0,
    "meanResTime" : 67.62681159420283,
    "medianResTime" : 71.0,
    "minResTime" : 36.0,
    "maxResTime" : 90.0,
    "pct1ResTime" : 77.0,
    "pct2ResTime" : 79.0,
    "pct3ResTime" : 82.0,
    "throughput" : 113.2056898164099,
    "receivedKBytesPerSec" : 234.6922374120195,
    "sentKBytesPerSec" : 39.109316551410146
  }
}